feature,importance
avg_steering_angle,0.3406897622087255
max_brake,0.21270294529068387
corner_duration,0.1531658244415014
apex_lateral_g,0.11789335030167497
exit_throttle,0.05969953434606338
brake_duration,0.04257469816466709
apex_throttle,0.03717745497553198
min_throttle,0.03609643027115182
